Adalberto,Portuguese Latin
Adalto,Portuguese Latin
Ademar,Portuguese Latin
Aderson,Portuguese Latin
Adriano,Portuguese Latin
Alessandro,Portuguese Latin
Alex,Portuguese Latin
Almir,Portuguese Latin
Alvaro,Portuguese Latin
Amaral,Portuguese Latin
Anderson,Portuguese Latin
Anderson,Portuguese Latin
André,Portuguese Latin
Andrei,Portuguese Latin
Andrey,Portuguese Latin
Angelo,Portuguese Latin
Antonio,Portuguese Latin
Antônio,Portuguese Latin
Antunes,Portuguese Latin
Aracel,Portuguese Latin
Arlindo,Portuguese Latin
Arnaldo,Portuguese Latin
Aroldo,Portuguese Latin
Augusto,Portuguese Latin
Benedito,Portuguese Latin
Benjamin,Portuguese Latin
Bento,Portuguese Latin
Bernardo,Portuguese Latin
Bill,Portuguese Latin
Bill,Portuguese Latin
Breno,Portuguese Latin
Bru,Portuguese Latin
Bruno,Portuguese Latin
Caco,Portuguese Latin
Caio,Portuguese Latin
Caique,Portuguese Latin
Calebe,Portuguese Latin
Carlos,Portuguese Latin
Carlos Alberto,Portuguese Latin
Carlos Alberto,Portuguese Latin
Carlos Daniel,Portuguese Latin
Carlos Victor,Portuguese Latin
Catatau,Portuguese Latin
Cauan,Portuguese Latin
Caue,Portuguese Latin
Cezar,Portuguese Latin
Conrado,Portuguese Latin
Dalcides,Portuguese Latin
Daniel,Portuguese Latin
Daniel,Portuguese Latin
Danilo,Portuguese Latin
Darley,Portuguese Latin
Davi,Portuguese Latin
David,Portuguese Latin
David,Portuguese Latin
Deivid,Portuguese Latin
Deyverson,Portuguese Latin
Diego,Portuguese Latin
Dinei,Portuguese Latin
Dinho,Portuguese Latin
Diogo,Portuguese Latin
Dorival,Portuguese Latin
Douglas,Portuguese Latin
Drauzio,Portuguese Latin
Duco,Portuguese Latin
Duco,Portuguese Latin
Duda,Portuguese Latin
Durval,Portuguese Latin
Ederson,Portuguese Latin
Edivaldo,Portuguese Latin
Edmundo,Portuguese Latin
Eduardo,Portuguese Latin
Edvan,Portuguese Latin
Eliberto,Portuguese Latin
Elivaldo,Portuguese Latin
Elizandro,Portuguese Latin
Elizeu,Portuguese Latin
Enzo,Portuguese Latin
Eric,Portuguese Latin
Estafan,Portuguese Latin
Estavão,Portuguese Latin
Eurico,Portuguese Latin
Evaldo,Portuguese Latin
Evandro,Portuguese Latin
Everaldo,Portuguese Latin
Fabiano,Portuguese Latin
Fabio,Portuguese Latin
Fefito,Portuguese Latin
Felipe,Portuguese Latin
Felipi,Portuguese Latin
Felix,Portuguese Latin
Fernando,Portuguese Latin
Filipe,Portuguese Latin
Filipi,Portuguese Latin
Flavio,Portuguese Latin
Francimar,Portuguese Latin
Francisco,Portuguese Latin
Gabi,Portuguese Latin
Gabriel,Portuguese Latin
Gabu,Portuguese Latin
George,Portuguese Latin
Geraldo,Portuguese Latin
Germano,Portuguese Latin
Gilberto,Portuguese Latin
Gilmar,Portuguese Latin
Gilmar,Portuguese Latin
Gilvan,Portuguese Latin
Giovani,Portuguese Latin
Giuliano,Portuguese Latin
Guilherme,Portuguese Latin
Guinho,Portuguese Latin
Gustavo,Portuguese Latin
Guto,Portuguese Latin
Heitor,Portuguese Latin
Helio,Portuguese Latin
Henrique,Portuguese Latin
Henry,Portuguese Latin
Humberto,Portuguese Latin
Iago,Portuguese Latin
Ian,Portuguese Latin
Ian,Portuguese Latin
Icaro,Portuguese Latin
Igor,Portuguese Latin
Iguinho,Portuguese Latin
Inacio,Portuguese Latin
Italo,Portuguese Latin
Ivan,Portuguese Latin
Jamal,Portuguese Latin
Jander,Portuguese Latin
João Gabriel,Portuguese Latin
Joao Lucas,Portuguese Latin
João Lucas,Portuguese Latin
Joao Miguel,Portuguese Latin
João Paulo,Portuguese Latin
Joao Pedro,Portuguese Latin
João Pedro,Portuguese Latin
Johnny,Portuguese Latin
Jonathan,Portuguese Latin
José,Portuguese Latin
José Antônio,Portuguese Latin
Juares,Portuguese Latin
Juca,Portuguese Latin
Juliano,Portuguese Latin
Julinho,Portuguese Latin
Julio,Portuguese Latin
Juninho,Portuguese Latin
Junior,Portuguese Latin
Jurandir,Portuguese Latin
Kleber,Portuguese Latin
Klever,Portuguese Latin
Leandrão,Portuguese Latin
Leandrinho,Portuguese Latin
Leandro,Portuguese Latin
Léo,Portuguese Latin
Leonardo,Portuguese Latin
Levi,Portuguese Latin
Lito,Portuguese Latin
Lorenzo,Portuguese Latin
Luan,Portuguese Latin
Lucas,Portuguese Latin
Lucca,Portuguese Latin
Lucian,Portuguese Latin
Luciano,Portuguese Latin
Luide,Portuguese Latin
Luis,Portuguese Latin
Luiz,Portuguese Latin
Luiz Carlos,Portuguese Latin
Luiz Felipe,Portuguese Latin
Luiz Gabriel,Portuguese Latin
Luiz Manoel,Portuguese Latin
Luiz Matheus,Portuguese Latin
Madson,Portuguese Latin
Maicon,Portuguese Latin
Manoel,Portuguese Latin
Manuel,Portuguese Latin
Marcão,Portuguese Latin
Marcel,Portuguese Latin
Marcelo,Portuguese Latin
Marcio,Portuguese Latin
Marcos,Portuguese Latin
Mariano,Portuguese Latin
Mario,Portuguese Latin
Marlon,Portuguese Latin
Marquinho,Portuguese Latin
Mateus,Portuguese Latin
Matheus,Portuguese Latin
Matias,Portuguese Latin
Maurilio,Portuguese Latin
Mauro,Portuguese Latin
Miguel,Portuguese Latin
Muriel,Portuguese Latin
Natan,Portuguese Latin
Nataniel,Portuguese Latin
Nathan,Portuguese Latin
Neilton,Portuguese Latin
Nelson,Portuguese Latin
Nicolas,Portuguese Latin
Nino,Portuguese Latin
Nivaldo,Portuguese Latin
Nuno,Portuguese Latin
Oliveira,Portuguese Latin
Oswaldo,Portuguese Latin
Otavio,Portuguese Latin
Patrick,Portuguese Latin
Paulo,Portuguese Latin
Paulo Cezar,Portuguese Latin
Pedro,Portuguese Latin
Pepeu,Portuguese Latin
Pericles,Portuguese Latin
Philipe,Portuguese Latin
Pierre,Portuguese Latin
Rafael,Portuguese Latin
Raizinho,Portuguese Latin
Renan,Portuguese Latin
Renato,Portuguese Latin
Ricardo,Portuguese Latin
Rodrigo,Portuguese Latin
Rodriguinho,Portuguese Latin
Roger,Portuguese Latin
Rogerinho,Portuguese Latin
Rogerio,Portuguese Latin
Romilton,Portuguese Latin
Ronaldinho,Portuguese Latin
Ronaldo,Portuguese Latin
Samuca,Portuguese Latin
Samuel,Portuguese Latin
Sandrinho,Portuguese Latin
Sandro,Portuguese Latin
Saulo,Portuguese Latin
Savarino,Portuguese Latin
Savio,Portuguese Latin
Sebastião,Portuguese Latin
Severino,Portuguese Latin
Silvio,Portuguese Latin
Tales,Portuguese Latin
Theo,Portuguese Latin
Thiago,Portuguese Latin
Thiego,Portuguese Latin
Tião,Portuguese Latin
Tita,Portuguese Latin
Tito,Portuguese Latin
Tuco,Portuguese Latin
Vagner,Portuguese Latin
Valdir,Portuguese Latin
Vanderlei,Portuguese Latin
Vanderson,Portuguese Latin
Vando,Portuguese Latin
Victor,Portuguese Latin
Vilmar,Portuguese Latin
Vina,Portuguese Latin
Vini,Portuguese Latin
Vinicius,Portuguese Latin
Vitão,Portuguese Latin
Vitinho,Portuguese Latin
Vitor,Portuguese Latin
Wagner,Portuguese Latin
Waguininho,Portuguese Latin
Wanderson,Portuguese Latin
Wando,Portuguese Latin
Washington,Portuguese Latin
Watson,Portuguese Latin
Wellington,Portuguese Latin
Wendel,Portuguese Latin
Will,Portuguese Latin
William,Portuguese Latin
Wilson,Portuguese Latin
Yago,Portuguese Latin
Yohan,Portuguese Latin
Yorran,Portuguese Latin
Yuri,Portuguese Latin
Agustin,Spanish Latin
Alberto,Spanish Latin
Aldo,Spanish Latin
Alejandro,Spanish Latin
Alfonso,Spanish Latin
Andrés,Spanish Latin
Angel,Spanish Latin
Angelo,Spanish Latin
Benicio,Spanish Latin
Brayan,Spanish Latin
Carlito,Spanish Latin
Carmelo,Spanish Latin
Christian,Spanish Latin
Didiér,Spanish Latin
Diego,Spanish Latin
Emiliano,Spanish Latin
Enrique,Spanish Latin
Enzo,Spanish Latin
Esteban,Spanish Latin
Estefano,Spanish Latin
Eugenio,Spanish Latin
Exequiel,Spanish Latin
Fabián,Spanish Latin
Fernando,Spanish Latin
Franco,Spanish Latin
Francisco,Spanish Latin
Frederico,Spanish Latin
Germán,Spanish Latin
Giovani,Spanish Latin
Guido,Spanish Latin
Guillermo,Spanish Latin
Gustavo,Spanish Latin
Hermán,Spanish Latin
Hernán,Spanish Latin
Héctor,Spanish Latin
Iván,Spanish Latin
Jarrinson,Spanish Latin
Javier,Spanish Latin
Joan,Spanish Latin
Joaquin,Spanish Latin
Jorge,Spanish Latin
José,Spanish Latin
Juan,Spanish Latin
Juan Camilo,Spanish Latin
Juan Pablo,Spanish Latin
Lautaro,Spanish Latin
Leandro,Spanish Latin
Lucas,Spanish Latin
Maxi,Spanish Latin
Miguel,Spanish Latin
Nehuén,Spanish Latin
Nicolás,Spanish Latin
Omar,Spanish Latin
Paolo,Spanish Latin
Patricio,Spanish Latin
Piero,Spanish Latin
Rafael,Spanish Latin
Rocco,Spanish Latin
Rodrigo,Spanish Latin
Rubén,Spanish Latin
Santiago,Spanish Latin
Sebastián,Spanish Latin
Stiven,Spanish Latin
Teodoro,Spanish Latin
Teófilo,Spanish Latin
Tomás,Spanish Latin
Yamir,Spanish Latin
