Aguila,Portuguese Latin
Aguiar,Portuguese Latin
Alboquerque,Portuguese Latin
Alcantara,Portuguese Latin
Alvez,Portuguese Latin
Aquila,Portuguese Latin
Arantes,Portuguese Latin
Araujo,Portuguese Latin
Arouca,Portuguese Latin
Assad,Portuguese Latin
Azevedo,Portuguese Latin
Barata,Portuguese Latin
Barbosa,Portuguese Latin
Barcelos,Portuguese Latin
Barreto,Portuguese Latin
Bartolo,Portuguese Latin
Becker,Portuguese Latin
Borges,Portuguese Latin
Brandão,Portuguese Latin
Brito,Portuguese Latin
Buarque,Portuguese Latin
Calegari,Portuguese Latin
Carvalho,Portuguese Latin
Cazares,Portuguese Latin
Celso,Portuguese Latin
Claro,Portuguese Latin
Correa,Portuguese Latin
Coutinho,Portuguese Latin
Couto,Portuguese Latin
Crespo,Portuguese Latin
Cruz,Portuguese Latin
Cunha,Portuguese Latin
Damião,Portuguese Latin
Dias,Portuguese Latin
Dolabela,Portuguese Latin
Dos Anjos,Portuguese Latin
Falcao,Portuguese Latin
Fabil,Portuguese Latin
Fagundes,Portuguese Latin
Faria,Portuguese Latin
Fernandes,Portuguese Latin
Firmino,Portuguese Latin
Fiuza,Portuguese Latin
Frazan,Portuguese Latin
Garcia,Portuguese Latin
Gonçalves,Portuguese Latin
Golvea,Portuguese Latin
Grilo,Portuguese Latin
Guerri,Portuguese Latin
Guimaraes,Portuguese Latin
Lemos,Portuguese Latin
Licurgo,Portuguese Latin
Lila,Portuguese Latin
Lima,Portuguese Latin
Lira,Portuguese Latin
Livio,Portuguese Latin
Lobo,Portuguese Latin
Lopes,Portuguese Latin
Magno,Portuguese Latin
Martinelli,Portuguese Latin
Melila,Portuguese Latin
Melo,Portuguese Latin
Mendes,Portuguese Latin
Menezes,Portuguese Latin
Militão,Portuguese Latin
Monteiro,Portuguese Latin
Moura,Portuguese Latin
Mota,Portuguese Latin
Muniz,Portuguese Latin
Nascimento,Portuguese Latin
Nara,Portuguese Latin
Neres,Portuguese Latin
Neto,Portuguese Latin
Nogueira,Portuguese Latin
Nunes,Portuguese Latin
Oliveira,Portuguese Latin
Pacheco,Portuguese Latin
Padrão,Portuguese Latin
Paes,Portuguese Latin
Pereira,Portuguese Latin
Poeta,Portuguese Latin
Ribas,Portuguese Latin
Ribeiro,Portuguese Latin
Rios,Portuguese Latin
Rocha,Portuguese Latin
Rosa,Portuguese Latin
Santos,Portuguese Latin
Silva,Portuguese Latin
Silvestre,Portuguese Latin
Silveira,Portuguese Latin
Souza,Portuguese Latin
Teixeira,Portuguese Latin
Teles,Portuguese Latin
Varanda,Portuguese Latin
Veloso,Portuguese Latin
Veron,Portuguese Latin
Viana,Portuguese Latin
da Costa,Portuguese Latin
da Silva,Portuguese Latin
de Castro,Portuguese Latin
de Paula,Portuguese Latin
Costa,Portuguese Latin
Hoffman,Portuguese Latin
Matheus,Portuguese Latin
D'avila,Portuguese Latin
Morgardo,Portuguese Latin
Casemiro,Portuguese Latin
Bassols,Portuguese Latin
Carmona,Portuguese Latin
Betin,Portuguese Latin
Betti,Portuguese Latin
Mello,Portuguese Latin
Motta,Portuguese Latin
Vieira,Portuguese Latin
Alvarenga,Portuguese Latin
Neves,Portuguese Latin
Roussef,Portuguese Latin
Inacio,Portuguese Latin
Pera,Portuguese Latin
Pamonha,Portuguese Latin
Cella,Portuguese Latin
Celso,Portuguese Latin
Kuster,Portuguese Latin
Lysandro,Portuguese Latin
Lisandro,Portuguese Latin
Braga,Portuguese Latin
Moreno,Portuguese Latin
Alencar,Portuguese Latin
Diaz,Portuguese Latin
de Abreu,Portuguese Latin
Soares,Portuguese Latin
Diniz,Portuguese Latin
dos Santos,Portuguese Latin
da Cruz,Portuguese Latin
Leitão,Portuguese Latin
Palmeiras,Portuguese Latin
Costeira,Portuguese Latin
Lampião,Portuguese Latin
Nazario,Portuguese Latin
Branco,Portuguese Latin
Mosquito,Portuguese Latin
Mosteiro,Portuguese Latin
Mesquita,Portuguese Latin
Bacci,Portuguese Latin
Farid,Portuguese Latin
Vivaz,Portuguese Latin
Roxo,Portuguese Latin
Natura,Portuguese Latin
Barcelo,Portuguese Latin
Barcelar,Portuguese Latin
Limeira,Portuguese Latin
Laranja,Portuguese Latin
Laranjeira,Portuguese Latin
Eler,Portuguese Latin
Reis,Portuguese Latin
Rainha,Portuguese Latin
Viveiro,Portuguese Latin
Burca,Portuguese Latin
de Camargo,Portuguese Latin
Camargo,Portuguese Latin
Correia,Portuguese Latin
Fuzão,Portuguese Latin
Beltrão,Portuguese Latin
Vasques,Portuguese Latin
Veles,Portuguese Latin
Nazaré,Portuguese Latin
Valerio,Portuguese Latin
Valão,Portuguese Latin
Valadares,Portuguese Latin
Mico,Portuguese Latin
Mica,Portuguese Latin
Miranda,Portuguese Latin
Arboleda,Spanish Latin
Arias,Spanish Latin
Armani,Spanish Latin
Arrascaita,Spanish Latin
Arroyo,Spanish Latin
Aránguiz,Spanish Latin
Banguero,Spanish Latin
Bologna,Spanish Latin
Borré,Spanish Latin
Caicedo,Spanish Latin
Calpado,Spanish Latin
Cardozo,Spanish Latin
Castillo,Spanish Latin
Castro,Spanish Latin
Cañete,Spanish Latin
Chávez,Spanish Latin
Cuellar,Spanish Latin
Cuesta,Spanish Latin
Cueva,Spanish Latin
De La Cruz,Spanish Latin
De La Muerte,Spanish Latin
Diaz,Spanish Latin
Faravelli,Spanish Latin
Fontana,Spanish Latin
Giampaolli,Spanish Latin
Garcia,Spanish Latin
Gomez,Spanish Latin
Gonzalez,Spanish Latin
Guerrero,Spanish Latin
Hernandez,Spanish Latin
Hurtado,Spanish Latin
Isla,Spanish Latin
Izquierdo,Spanish Latin
Jara,Spanish Latin
Luján,Spanish Latin
López,Spanish Latin
Maduro,Spanish Latin
Maidana,Spanish Latin
Mari,Spanish Latin
Martinez,Spanish Latin
Montenegro,Spanish Latin
Moreno,Spanish Latin
Murillo,Spanish Latin
Orerruella,Spanish Latin
Ortiz,Spanish Latin
Palavecino,Spanish Latin
Paredes,Spanish Latin
Pavón,Spanish Latin
Pellerano,Spanish Latin
Pinos,Spanish Latin
Plaza,Spanish Latin
Quintero,Spanish Latin
Reinoso,Spanish Latin
Rojas,Spanish Latin
Rojo,Spanish Latin
Salazar,Spanish Latin
Sampaoli,Spanish Latin
Sanchez,Spanish Latin
Soldano,Spanish Latin
Soto,Spanish Latin
Suarez,Spanish Latin
Torres,Spanish Latin
Uribe,Spanish Latin
Valverde,Spanish Latin
Vargas,Spanish Latin
Vega,Spanish Latin
Villa,Spanish Latin
Viña,Spanish Latin
Vázquez,Spanish Latin
Zeballos,Spanish Latin
Zárate,Spanish Latin
de Arrascaeta,Spanish Latin
del Riego,Spanish Latin
del Toro,Spanish Latin
di Maria,Spanish Latin
di Santoro,Spanish Latin
dos Santos,Spanish Latin
Álvarez,Spanish Latin
